"","iso_a3","name_en","cadc.type","usd.comm.ctry.cadc","usd.disb.ctry.cadc","tot.usd.comm.ctry","tot.usd.disb.ctry","perc.cumsum.comm","perc.cumsum.disb"
"1","VNM","Vietnam","equity CADC",556.4,273.08,3621.75,3142.32,0.0782195382223415,0.0980307558112872
"2","VNM","Vietnam","other CADC",1627.52,1715.39,3621.75,3142.32,0.0782195382223415,0.0980307558112872
"3","VNM","Vietnam","other ocean economy",1437.83,1153.85,3621.75,3142.32,0.0782195382223415,0.0980307558112872
"4","IDN","Indonesia","equity CADC",712.18,166.68,3546.12,2391.26,0.154805682732871,0.172630740899152
"5","IDN","Indonesia","other CADC",1318.55,1016.52,3546.12,2391.26,0.154805682732871,0.172630740899152
"6","IDN","Indonesia","other ocean economy",1515.39,1208.06,3546.12,2391.26,0.154805682732871,0.172630740899152
"7","MAR","Morocco","equity CADC",70.21,74.93,2599.86,2023.98,0.210955292353286,0.235772715346989
"8","MAR","Morocco","other CADC",631.8,554.66,2599.86,2023.98,0.210955292353286,0.235772715346989
"9","MAR","Morocco","other ocean economy",1897.85,1394.39,2599.86,2023.98,0.210955292353286,0.235772715346989
"10","BGD","Bangladesh","equity CADC",541.44,230.17,2457.77,875.23,0.264036160568023,0.263077209608781
"11","BGD","Bangladesh","other CADC",1312.44,461.28,2457.77,875.23,0.264036160568023,0.263077209608781
"12","BGD","Bangladesh","other ocean economy",603.89,183.78,2457.77,875.23,0.264036160568023,0.263077209608781
"13","TUR","Turkey","equity CADC",492.2,306.95,2158.16,951.59,0.310646301690389,0.292763901900611
"14","TUR","Turkey","other CADC",1427.38,402.17,2158.16,951.59,0.310646301690389,0.292763901900611
"15","TUR","Turkey","other ocean economy",238.58,242.47,2158.16,951.59,0.310646301690389,0.292763901900611
"16","PHL","Philippines","equity CADC",93.55,102.27,2099.1,535.94,0.355980914151911,0.309483587759945
"17","PHL","Philippines","other CADC",1409.7,172.48,2099.1,535.94,0.355980914151911,0.309483587759945
"18","PHL","Philippines","other ocean economy",595.85,261.19,2099.1,535.94,0.355980914151911,0.309483587759945
"19","IND","India","equity CADC",806.72,97.57,1944.86,1165.67,0.397984379633267,0.345848920102463
"20","IND","India","other CADC",1125.18,1032.48,1944.86,1165.67,0.397984379633267,0.345848920102463
"21","IND","India","other ocean economy",12.96,35.62,1944.86,1165.67,0.397984379633267,0.345848920102463
"22","KEN","Kenya","equity CADC",270.61,158.69,1796.62,1506.07,0.436786281134205,0.392833689446357
"23","KEN","Kenya","other CADC",1014.36,924.68,1796.62,1506.07,0.436786281134205,0.392833689446357
"24","KEN","Kenya","other ocean economy",511.65,422.7,1796.62,1506.07,0.436786281134205,0.392833689446357
"25","EGY","Egypt","equity CADC",168.15,178.18,1793.99,1152.89,0.475531382086921,0.428800324947285
"26","EGY","Egypt","other CADC",1328.62,664.82,1793.99,1152.89,0.475531382086921,0.428800324947285
"27","EGY","Egypt","other ocean economy",297.22,309.89,1793.99,1152.89,0.475531382086921,0.428800324947285
"28","JOR","Jordan","equity CADC",510.98,444.82,1564.38,1131.33,0.509317557610982,0.464094354508878
"29","JOR","Jordan","other CADC",938.45,642.7,1564.38,1131.33,0.509317557610982,0.464094354508878
"30","JOR","Jordan","other ocean economy",114.95,43.81,1564.38,1131.33,0.509317557610982,0.464094354508878
"31","KHM","Cambodia","equity CADC",390.95,121.43,1077.86,452.34,0.532596279628883,0.47820597652181
"32","KHM","Cambodia","other CADC",360.79,141.26,1077.86,452.34,0.532596279628883,0.47820597652181
"33","KHM","Cambodia","other ocean economy",326.12,189.65,1077.86,452.34,0.532596279628883,0.47820597652181
"34","MOZ","Mozambique","equity CADC",201.94,111.7,967.98,516.75,0.553501904978082,0.494326993180038
"35","MOZ","Mozambique","other CADC",273.76,161.58,967.98,516.75,0.553501904978082,0.494326993180038
"36","MOZ","Mozambique","other ocean economy",492.28,243.47,967.98,516.75,0.553501904978082,0.494326993180038
"37","LBN","Lebanon","equity CADC",279.39,199.04,906.23,708.17,0.573073905288217,0.516419727320062
"38","LBN","Lebanon","other CADC",615.93,479.31,906.23,708.17,0.573073905288217,0.516419727320062
"39","LBN","Lebanon","other ocean economy",10.91,29.82,906.23,708.17,0.573073905288217,0.516419727320062
"40","TZA","Tanzania","equity CADC",47.12,104.01,806.46,553.03,0.590491156284225,0.533672568814981
"41","TZA","Tanzania","other CADC",359.23,215.35,806.46,553.03,0.590491156284225,0.533672568814981
"42","TZA","Tanzania","other ocean economy",400.11,233.67,806.46,553.03,0.590491156284225,0.533672568814981
"43","CHN","People's Republic of China","equity CADC",81.09,53.11,767.41,1101.97,0.607065037923545,0.568050656336737
"44","CHN","People's Republic of China","other CADC",674.43,1040.46,767.41,1101.97,0.607065037923545,0.568050656336737
"45","CHN","People's Republic of China","other ocean economy",11.89,8.4,767.41,1101.97,0.607065037923545,0.568050656336737
"46","MMR","Myanmar","equity CADC",79.68,42.33,748.63,183.87,0.623233324773656,0.573786836952022
"47","MMR","Myanmar","other CADC",539.3,64.27,748.63,183.87,0.623233324773656,0.573786836952022
"48","MMR","Myanmar","other ocean economy",129.65,77.27,748.63,183.87,0.623233324773656,0.573786836952022
"49","MDG","Madagascar","equity CADC",115.03,38.26,740.01,257.58,0.639215444047464,0.581822543717046
"50","MDG","Madagascar","other CADC",456.44,139.74,740.01,257.58,0.639215444047464,0.581822543717046
"51","MDG","Madagascar","other ocean economy",168.54,79.58,740.01,257.58,0.639215444047464,0.581822543717046
"52","IRQ","Iraq","equity CADC",4.28,5.44,728.5,816.25,0.654948979933424,0.607287042695815
"53","IRQ","Iraq","other CADC",308.59,616.57,728.5,816.25,0.654948979933424,0.607287042695815
"54","IRQ","Iraq","other ocean economy",415.63,194.24,728.5,816.25,0.654948979933424,0.607287042695815
"55","CIV","Ivory Coast","equity CADC",145.86,22.49,720.15,203.08,0.67050217947807,0.613622516450924
"56","CIV","Ivory Coast","other CADC",432.3,51.33,720.15,203.08,0.67050217947807,0.613622516450924
"57","CIV","Ivory Coast","other ocean economy",141.99,129.26,720.15,203.08,0.67050217947807,0.613622516450924
"58","SEN","Senegal","equity CADC",120.12,50.23,650.26,307.28,0.684545953047328,0.623208710933247
"59","SEN","Senegal","other CADC",174.41,88.55,650.26,307.28,0.684545953047328,0.623208710933247
"60","SEN","Senegal","other ocean economy",355.73,168.5,650.26,307.28,0.684545953047328,0.623208710933247
"61","LKA","Sri Lanka","equity CADC",174.32,157.2,565.52,497.27,0.696759582716824,0.63872201127894
"62","LKA","Sri Lanka","other CADC",334.85,217.78,565.52,497.27,0.696759582716824,0.63872201127894
"63","LKA","Sri Lanka","other ocean economy",56.35,122.29,565.52,497.27,0.696759582716824,0.63872201127894
"64","PNG","Papua New Guinea","equity CADC",150.08,114.86,547.42,560.19,0.708582303670417,0.656198222835346
"65","PNG","Papua New Guinea","other CADC",97.45,102.5,547.42,560.19,0.708582303670417,0.656198222835346
"66","PNG","Papua New Guinea","other ocean economy",299.89,342.83,547.42,560.19,0.708582303670417,0.656198222835346
"67","MEX","Mexico","equity CADC",374.65,343.05,477.03,388.34,0.71888480006531,0.668313240946727
"68","MEX","Mexico","other CADC",84.47,42.88,477.03,388.34,0.71888480006531,0.668313240946727
"69","MEX","Mexico","other ocean economy",17.91,2.41,477.03,388.34,0.71888480006531,0.668313240946727
"70","GHA","Ghana","equity CADC",72.7,71.35,475.32,263.11,0.729150365305275,0.67652146676762
"71","GHA","Ghana","other CADC",198.2,91.51,475.32,263.11,0.729150365305275,0.67652146676762
"72","GHA","Ghana","other ocean economy",204.42,100.25,475.32,263.11,0.729150365305275,0.67652146676762
"73","MDV","Maldives","equity CADC",127.23,25.14,428.74,155.11,0.73840993452387,0.681360423504645
"74","MDV","Maldives","other CADC",158.55,101.45,428.74,155.11,0.73840993452387,0.681360423504645
"75","MDV","Maldives","other ocean economy",142.96,28.52,428.74,155.11,0.73840993452387,0.681360423504645
"76","TUN","Tunisia","equity CADC",28.47,59.31,421.47,429.13,0.747512492341105,0.694747964633906
"77","TUN","Tunisia","other CADC",323.09,352.66,421.47,429.13,0.747512492341105,0.694747964633906
"78","TUN","Tunisia","other ocean economy",69.91,17.16,421.47,429.13,0.747512492341105,0.694747964633906
"79","SOM","Somalia","equity CADC",43.34,18.08,414.16,312.12,0.756457174870314,0.704485152286283
"80","SOM","Somalia","other CADC",5.06,8.3,414.16,312.12,0.756457174870314,0.704485152286283
"81","SOM","Somalia","other ocean economy",365.76,285.74,414.16,312.12,0.756457174870314,0.704485152286283
"82","PER","Peru","equity CADC",109.13,155.45,404.41,329.08,0.765191285024935,0.714751439972572
"83","PER","Peru","other CADC",278.88,159.58,404.41,329.08,0.765191285024935,0.714751439972572
"84","PER","Peru","other ocean economy",16.4,14.05,404.41,329.08,0.765191285024935,0.714751439972572
"85","COD","Democratic Republic of the Congo","equity CADC",60.21,27.29,364.89,374.36,0.773071875154555,0.726430324919208
"86","COD","Democratic Republic of the Congo","other CADC",259.16,219.15,364.89,374.36,0.773071875154555,0.726430324919208
"87","COD","Democratic Republic of the Congo","other ocean economy",45.52,127.92,364.89,374.36,0.773071875154555,0.726430324919208
"88","GEO","Georgia","equity CADC",116.11,89.83,351.7,233.12,0.780667598656397,0.733702954630608
"89","GEO","Georgia","other CADC",233.04,102.71,351.7,233.12,0.780667598656397,0.733702954630608
"90","GEO","Georgia","other ocean economy",2.55,40.58,351.7,233.12,0.780667598656397,0.733702954630608
"91","BRA","Brazil","equity CADC",172.69,158,339,307.16,0.787989038142108,0.743285405480615
"92","BRA","Brazil","other CADC",157.26,140.4,339,307.16,0.787989038142108,0.743285405480615
"93","BRA","Brazil","other ocean economy",9.05,8.76,339,307.16,0.787989038142108,0.743285405480615
"94","BEN","Benin","equity CADC",69.84,43.96,336.9,340.38,0.795265123577908,0.753904218543272
"95","BEN","Benin","other CADC",98.2,59.53,336.9,340.38,0.795265123577908,0.753904218543272
"96","BEN","Benin","other ocean economy",168.86,236.89,336.9,340.38,0.795265123577908,0.753904218543272
"97","YEM","Yemen","equity CADC",123.95,79.47,336.3,260.63,0.802528250713732,0.762035075962979
"98","YEM","Yemen","other CADC",75.09,88.66,336.3,260.63,0.802528250713732,0.762035075962979
"99","YEM","Yemen","other ocean economy",137.26,92.5,336.3,260.63,0.802528250713732,0.762035075962979
"100","MRT","Mauritania","equity CADC",139.42,69.09,332.62,240.89,0.809711900276379,0.769550105866802
"101","MRT","Mauritania","other CADC",102.26,94.51,332.62,240.89,0.809711900276379,0.769550105866802
"102","MRT","Mauritania","other ocean economy",90.94,77.29,332.62,240.89,0.809711900276379,0.769550105866802
"103","SLB","Solomon Islands","equity CADC",98.93,51.31,303.1,221.61,0.81625800148027,0.776463658845283
"104","SLB","Solomon Islands","other CADC",147.54,111.32,303.1,221.61,0.81625800148027,0.776463658845283
"105","SLB","Solomon Islands","other ocean economy",56.63,58.98,303.1,221.61,0.81625800148027,0.776463658845283
"106","PAK","Pakistan","equity CADC",33.95,25.07,287.62,112.96,0.822469778544813,0.779987664731521
"107","PAK","Pakistan","other CADC",103.1,43.47,287.62,112.96,0.822469778544813,0.779987664731521
"108","PAK","Pakistan","other ocean economy",150.57,44.42,287.62,112.96,0.822469778544813,0.779987664731521
"109","HTI","Haiti","equity CADC",89.72,50.88,281.37,227.98,0.828546573317953,0.787099942192078
"110","HTI","Haiti","other CADC",107.14,98.22,281.37,227.98,0.828546573317953,0.787099942192078
"111","HTI","Haiti","other ocean economy",84.51,78.88,281.37,227.98,0.828546573317953,0.787099942192078
"112","ALB","Albania","equity CADC",40.85,29.06,278.29,300.32,0.83455684881789,0.796469006000107
"113","ALB","Albania","other CADC",234.61,239.9,278.29,300.32,0.83455684881789,0.796469006000107
"114","ALB","Albania","other ocean economy",2.83,31.36,278.29,300.32,0.83455684881789,0.796469006000107
"115","BIH","Bosnia and Herzegovina","equity CADC",25.43,75.97,276.01,284.32,0.840517882777923,0.805338918832748
"116","BIH","Bosnia and Herzegovina","other CADC",248.46,192.79,276.01,284.32,0.840517882777923,0.805338918832748
"117","BIH","Bosnia and Herzegovina","other ocean economy",2.12,15.56,276.01,284.32,0.840517882777923,0.805338918832748
"118","DJI","Djibouti","equity CADC",0.44,5.8,266.81,200.88,0.84628022280501,0.811605759328742
"119","DJI","Djibouti","other CADC",35.2,35.19,266.81,200.88,0.84628022280501,0.811605759328742
"120","DJI","Djibouti","other ocean economy",231.17,159.89,266.81,200.88,0.84628022280501,0.811605759328742
"121","NGA","Nigeria","equity CADC",26.82,41.19,261.44,192.21,0.851926586047323,0.817602122389947
"122","NGA","Nigeria","other CADC",227.79,121.99,261.44,192.21,0.851926586047323,0.817602122389947
"123","NGA","Nigeria","other ocean economy",6.83,29.03,261.44,192.21,0.851926586047323,0.817602122389947
"124","ECU","Ecuador","equity CADC",46.63,24.24,250.78,243.48,0.857342723493419,0.825197952357911
"125","ECU","Ecuador","other CADC",142.99,157.22,250.78,243.48,0.857342723493419,0.825197952357911
"126","ECU","Ecuador","other ocean economy",61.16,62.02,250.78,243.48,0.857342723493419,0.825197952357911
"127","WSM","Samoa","equity CADC",73.92,17.56,250.73,178.47,0.862757781081184,0.830765669519003
"128","WSM","Samoa","other CADC",94.18,85.26,250.73,178.47,0.862757781081184,0.830765669519003
"129","WSM","Samoa","other ocean economy",82.63,75.65,250.73,178.47,0.862757781081184,0.830765669519003
"130","COL","Colombia","equity CADC",194.11,156.22,249.17,208.95,0.868139147089015,0.837284269288208
"131","COL","Colombia","other CADC",35.92,38.6,249.17,208.95,0.868139147089015,0.837284269288208
"132","COL","Colombia","other ocean economy",19.14,14.13,249.17,208.95,0.868139147089015,0.837284269288208
"133","MUS","Mauritius","equity CADC",2.22,29.2,244.64,185.06,0.873422677932037,0.843057574257287
"134","MUS","Mauritius","other CADC",150.69,58.97,244.64,185.06,0.873422677932037,0.843057574257287
"135","MUS","Mauritius","other ocean economy",91.73,96.89,244.64,185.06,0.873422677932037,0.843057574257287
"136","CRI","Costa Rica","equity CADC",204.57,13.49,229.93,36.28,0.878388514454012,0.844189399093978
"137","CRI","Costa Rica","other CADC",23.9,20.82,229.93,36.28,0.878388514454012,0.844189399093978
"138","CRI","Costa Rica","other ocean economy",1.46,1.97,229.93,36.28,0.878388514454012,0.844189399093978
"139","CUB","Cuba","equity CADC",25.4,4.8,217.76,123.95,0.883091513458166,0.848056259306436
"140","CUB","Cuba","other CADC",191.28,118.05,217.76,123.95,0.883091513458166,0.848056259306436
"141","CUB","Cuba","other ocean economy",1.08,1.1,217.76,123.95,0.883091513458166,0.848056259306436
"142","LBR","Liberia","equity CADC",19.75,19.09,215.39,123.13,0.887743327177421,0.851897538031405
"143","LBR","Liberia","other CADC",63.67,18.64,215.39,123.13,0.887743327177421,0.851897538031405
"144","LBR","Liberia","other ocean economy",131.97,85.4,215.39,123.13,0.887743327177421,0.851897538031405
"145","HND","Honduras","equity CADC",28.11,28.44,204.44,132.5,0.892158651922137,0.856031132046335
"146","HND","Honduras","other CADC",163.16,18.29,204.44,132.5,0.892158651922137,0.856031132046335
"147","HND","Honduras","other ocean economy",13.17,85.77,204.44,132.5,0.892158651922137,0.856031132046335
"148","MNE","Montenegro","equity CADC",12.25,6.05,199.63,159.88,0.896470094295389,0.861018898167898
"149","MNE","Montenegro","other CADC",186.3,150.59,199.63,159.88,0.896470094295389,0.861018898167898
"150","MNE","Montenegro","other ocean economy",1.08,3.24,199.63,159.88,0.896470094295389,0.861018898167898
"151","NIC","Nicaragua","equity CADC",21.7,88.57,191.07,226.57,0.900596664922335,0.868087187948748
"152","NIC","Nicaragua","other CADC",153.47,110.65,191.07,226.57,0.900596664922335,0.868087187948748
"153","NIC","Nicaragua","other ocean economy",15.9,27.35,191.07,226.57,0.900596664922335,0.868087187948748
"154","KIR","Kiribati","equity CADC",36.83,19.03,190.37,107.08,0.904708117532645,0.871427755851531
"155","KIR","Kiribati","other CADC",84.22,39.06,190.37,107.08,0.904708117532645,0.871427755851531
"156","KIR","Kiribati","other ocean economy",69.32,48.99,190.37,107.08,0.904708117532645,0.871427755851531
"157","VUT","Vanuatu","equity CADC",33.93,14.28,186.51,147.99,0.908736205079783,0.876044590404509
"158","VUT","Vanuatu","other CADC",146.97,113.56,186.51,147.99,0.908736205079783,0.876044590404509
"159","VUT","Vanuatu","other ocean economy",5.61,20.15,186.51,147.99,0.908736205079783,0.876044590404509
"160","TON","Tonga","equity CADC",74.36,5.79,184.06,105.57,0.912711379568692,0.879338050933989
"161","TON","Tonga","other CADC",54.78,36.39,184.06,105.57,0.912711379568692,0.879338050933989
"162","TON","Tonga","other ocean economy",54.92,63.39,184.06,105.57,0.912711379568692,0.879338050933989
"163","ZAF","South Africa","equity CADC",20.71,18.64,183.54,323.96,0.916675323530955,0.889444610308154
"164","ZAF","South Africa","other CADC",158.69,147.21,183.54,323.96,0.916675323530955,0.889444610308154
"165","ZAF","South Africa","other ocean economy",4.14,158.11,183.54,323.96,0.916675323530955,0.889444610308154
"166","GIN","Guinea","equity CADC",79.86,11.31,179.09,47.26,0.92054316010174,0.890918977501706
"167","GIN","Guinea","other CADC",63.49,17.09,179.09,47.26,0.92054316010174,0.890918977501706
"168","GIN","Guinea","other ocean economy",35.74,18.86,179.09,47.26,0.92054316010174,0.890918977501706
"169","TUV","Tuvalu","equity CADC",101.82,27.52,178.13,107.85,0.924390263392565,0.894283567045179
"170","TUV","Tuvalu","other CADC",54.24,55.16,178.13,107.85,0.924390263392565,0.894283567045179
"171","TUV","Tuvalu","other ocean economy",22.07,25.17,178.13,107.85,0.924390263392565,0.894283567045179
"172","SDN","Sudan","equity CADC",10.78,17.6,172.16,74.74,0.928108431598642,0.896615226038959
"173","SDN","Sudan","other CADC",152.89,49.69,172.16,74.74,0.928108431598642,0.896615226038959
"174","SDN","Sudan","other ocean economy",8.49,7.45,172.16,74.74,0.928108431598642,0.896615226038959
"175","CPV","Cape Verde","equity CADC",24.38,9.66,157.93,194.2,0.931519272123652,0.902673671002729
"176","CPV","Cape Verde","other CADC",43.23,30.72,157.93,194.2,0.931519272123652,0.902673671002729
"177","CPV","Cape Verde","other ocean economy",90.32,153.82,157.93,194.2,0.931519272123652,0.902673671002729
"178","TGO","Togo","equity CADC",31.62,3.05,153.42,72.92,0.934832709427185,0.904948551573059
"179","TGO","Togo","other CADC",46.3,21.61,153.42,72.92,0.934832709427185,0.904948551573059
"180","TGO","Togo","other ocean economy",75.5,48.26,153.42,72.92,0.934832709427185,0.904948551573059
"181","AGO","Angola","equity CADC",2.03,2.43,146.07,78.02,0.937987407556028,0.907382536516793
"182","AGO","Angola","other CADC",62.01,13.35,146.07,78.02,0.937987407556028,0.907382536516793
"183","AGO","Angola","other ocean economy",82.03,62.24,146.07,78.02,0.937987407556028,0.907382536516793
"184","TLS","East Timor","equity CADC",29.11,30.65,143.87,134.62,0.941094591918297,0.911582268035963
"185","TLS","East Timor","other CADC",36.17,27.68,143.87,134.62,0.941094591918297,0.911582268035963
"186","TLS","East Timor","other ocean economy",78.59,76.29,143.87,134.62,0.941094591918297,0.911582268035963
"187","SLE","Sierra Leone","equity CADC",20.7,67.01,143.08,210.06,0.944184714518933,0.918135496404085
"188","SLE","Sierra Leone","other CADC",62.8,56.14,143.08,210.06,0.944184714518933,0.918135496404085
"189","SLE","Sierra Leone","other ocean economy",59.58,86.91,143.08,210.06,0.944184714518933,0.918135496404085
"190","ARG","Argentina","equity CADC",0.76,0.85,138.17,117.59,0.947168795031442,0.921803944103826
"191","ARG","Argentina","other CADC",110.45,89.57,138.17,117.59,0.947168795031442,0.921803944103826
"192","ARG","Argentina","other ocean economy",26.96,27.17,138.17,117.59,0.947168795031442,0.921803944103826
"193","SHN","Saint Helena","other CADC",62.78,74.08,130.8,146.23,0.949993704425929,0.926365872049511
"194","SHN","Saint Helena","other ocean economy",68.02,72.15,130.8,146.23,0.949993704425929,0.926365872049511
"195","LBY","Libya","equity CADC",2.82,2.82,129.49,120.94,0.952790321532137,0.930138829484723
"196","LBY","Libya","other CADC",3.36,3.52,129.49,120.94,0.952790321532137,0.930138829484723
"197","LBY","Libya","other ocean economy",123.31,114.6,129.49,120.94,0.952790321532137,0.930138829484723
"198","FSM","Federated States of Micronesia","equity CADC",11.33,2.84,125.69,74.13,0.955504869405173,0.932451458347567
"199","FSM","Federated States of Micronesia","other CADC",74.94,29.85,125.69,74.13,0.955504869405173,0.932451458347567
"200","FSM","Federated States of Micronesia","other ocean economy",39.42,41.44,125.69,74.13,0.955504869405173,0.932451458347567
"201","NRU","Nauru","equity CADC",62.46,41.88,123.35,89.93,0.958168879908307,0.935256998798606
"202","NRU","Nauru","other CADC",22.21,30.05,123.35,89.93,0.958168879908307,0.935256998798606
"203","NRU","Nauru","other ocean economy",38.68,18,123.35,89.93,0.958168879908307,0.935256998798606
"204","MSR","Montserrat","equity CADC",0.58,0.91,119.7,190.79,0.960754060753262,0.941209062210746
"205","MSR","Montserrat","other CADC",2.75,2.75,119.7,190.79,0.960754060753262,0.941209062210746
"206","MSR","Montserrat","other ocean economy",116.37,187.13,119.7,190.79,0.960754060753262,0.941209062210746
"207","MHL","Marshall Islands","equity CADC",8.88,1.97,115.51,50.6,0.963248749470059,0.94278762717041
"208","MHL","Marshall Islands","other CADC",82.52,24.1,115.51,50.6,0.963248749470059,0.94278762717041
"209","MHL","Marshall Islands","other ocean economy",24.11,24.53,115.51,50.6,0.963248749470059,0.94278762717041
"210","SYR","Syria","equity CADC",23.37,16.81,114.57,32.75,0.96572313685023,0.943809326823157
"211","SYR","Syria","other CADC",90.5,15.23,114.57,32.75,0.96572313685023,0.943809326823157
"212","SYR","Syria","other ocean economy",0.7,0.71,114.57,32.75,0.96572313685023,0.943809326823157
"213","FJI","Fiji","equity CADC",42.28,29.62,113.33,126.15,0.968170743743787,0.94774482029473
"214","FJI","Fiji","other CADC",63.26,88.14,113.33,126.15,0.968170743743787,0.94774482029473
"215","FJI","Fiji","other ocean economy",7.79,8.39,113.33,126.15,0.968170743743787,0.94774482029473
"216","DZA","Algeria","equity CADC",58.84,34.62,112.13,81.82,0.970592434037394,0.950297353595119
"217","DZA","Algeria","other CADC",45.93,36.96,112.13,81.82,0.970592434037394,0.950297353595119
"218","DZA","Algeria","other ocean economy",7.36,10.24,112.13,81.82,0.970592434037394,0.950297353595119
"219","CMR","Cameroon","equity CADC",11.31,11.31,104.42,284.2,0.972847610176326,0.959163522795445
"220","CMR","Cameroon","other CADC",49.56,231.23,104.42,284.2,0.972847610176326,0.959163522795445
"221","CMR","Cameroon","other ocean economy",43.55,41.66,104.42,284.2,0.972847610176326,0.959163522795445
"222","GAB","Gabon","equity CADC",29.79,29.79,91.86,75.48,0.974831525902454,0.961518267521837
"223","GAB","Gabon","other CADC",56.26,23.1,91.86,75.48,0.974831525902454,0.961518267521837
"224","GAB","Gabon","other ocean economy",5.81,22.59,91.86,75.48,0.974831525902454,0.961518267521837
"225","ERI","Eritrea","equity CADC",13.59,10.84,67.99,19.12,0.976299917261255,0.962114752937426
"226","ERI","Eritrea","other CADC",29.08,1.76,67.99,19.12,0.976299917261255,0.962114752937426
"227","ERI","Eritrea","other ocean economy",25.32,6.52,67.99,19.12,0.976299917261255,0.962114752937426
"228","MYS","Malaysia","equity CADC",4.17,4.45,62.1,66.52,0.977641101308637,0.9641899731176
"229","MYS","Malaysia","other CADC",30.95,29.66,62.1,66.52,0.977641101308637,0.9641899731176
"230","MYS","Malaysia","other ocean economy",26.98,32.41,62.1,66.52,0.977641101308637,0.9641899731176
"231","SYC","Seychelles","equity CADC",0,0.09,58.73,34.12,0.978909502904495,0.965254412572615
"232","SYC","Seychelles","other CADC",22.42,12.57,58.73,34.12,0.978909502904495,0.965254412572615
"233","SYC","Seychelles","other ocean economy",36.31,21.46,58.73,34.12,0.978909502904495,0.965254412572615
"234","THA","Thailand","equity CADC",4.18,8.63,57.9,59.8,0.980159978852054,0.967119989343127
"235","THA","Thailand","other CADC",23.11,23.34,57.9,59.8,0.980159978852054,0.967119989343127
"236","THA","Thailand","other ocean economy",30.61,27.83,57.9,59.8,0.980159978852054,0.967119989343127
"237","NAM","Namibia","equity CADC",28.38,11.5,54.68,34.54,0.981340911923083,0.968197531511245
"238","NAM","Namibia","other CADC",22.19,16.33,54.68,34.54,0.981340911923083,0.968197531511245
"239","NAM","Namibia","other ocean economy",4.11,6.71,54.68,34.54,0.981340911923083,0.968197531511245
"240","PLW","Palau","equity CADC",7.32,7.36,54.18,48.43,0.982511046410799,0.969708399119872
"241","PLW","Palau","other CADC",29.02,23.16,54.18,48.43,0.982511046410799,0.969708399119872
"242","PLW","Palau","other ocean economy",17.84,17.91,54.18,48.43,0.982511046410799,0.969708399119872
"243","UKR","Ukraine","equity CADC",9.11,8.01,52.95,63.44,0.983654616383567,0.971687532737285
"244","UKR","Ukraine","other CADC",40,50.69,52.95,63.44,0.983654616383567,0.971687532737285
"245","UKR","Ukraine","other ocean economy",3.84,4.74,52.95,63.44,0.983654616383567,0.971687532737285
"246","SLV","El Salvador","equity CADC",14.34,15.26,51.29,115.65,0.984762335059739,0.97529545838126
"247","SLV","El Salvador","other CADC",28.48,23.52,51.29,115.65,0.984762335059739,0.97529545838126
"248","SLV","El Salvador","other ocean economy",8.47,76.87,51.29,115.65,0.984762335059739,0.97529545838126
"249","JAM","Jamaica","equity CADC",15.68,11.77,50.78,40.29,0.985859039180932,0.976552382931158
"250","JAM","Jamaica","other CADC",24.22,16.58,50.78,40.29,0.985859039180932,0.976552382931158
"251","JAM","Jamaica","other ocean economy",10.88,11.94,50.78,40.29,0.985859039180932,0.976552382931158
"252","COK","Cook Islands","equity CADC",0.9,2.54,47.87,52.59,0.986892895547247,0.978193029793386
"253","COK","Cook Islands","other CADC",34.19,30.45,47.87,52.59,0.986892895547247,0.978193029793386
"254","COK","Cook Islands","other ocean economy",12.78,19.6,47.87,52.59,0.986892895547247,0.978193029793386
"255","GUY","Guyana","equity CADC",40.36,36.63,47.64,80.3,0.987921784565239,0.980698143751113
"256","GUY","Guyana","other CADC",5.37,41,47.64,80.3,0.987921784565239,0.980698143751113
"257","GUY","Guyana","other ocean economy",1.91,2.67,47.64,80.3,0.987921784565239,0.980698143751113
"258","DOM","Dominican Republic","equity CADC",15.82,10.47,47.31,43.7,0.988943546518245,0.982061449852641
"259","DOM","Dominican Republic","other CADC",22.1,28.88,47.31,43.7,0.988943546518245,0.982061449852641
"260","DOM","Dominican Republic","other ocean economy",9.39,4.35,47.31,43.7,0.988943546518245,0.982061449852641
"261","GNB","Guinea-Bissau","equity CADC",3.46,2.65,41.7,25.71,0.989844148366487,0.982863523076218
"262","GNB","Guinea-Bissau","other CADC",26.15,13.08,41.7,25.71,0.989844148366487,0.982863523076218
"263","GNB","Guinea-Bissau","other ocean economy",12.09,9.98,41.7,25.71,0.989844148366487,0.982863523076218
"264","STP","São Tomé and Príncipe","equity CADC",10.35,5.55,41.68,31.58,0.990744318271397,0.983848722313889
"265","STP","São Tomé and Príncipe","other CADC",19.35,10.45,41.68,31.58,0.990744318271397,0.983848722313889
"266","STP","São Tomé and Príncipe","other ocean economy",11.98,15.58,41.68,31.58,0.990744318271397,0.983848722313889
"267","PAN","Panama","equity CADC",1.75,2.36,41.43,85.36,0.991639088884651,0.986511692767583
"268","PAN","Panama","other CADC",32.14,75.34,41.43,85.36,0.991639088884651,0.986511692767583
"269","PAN","Panama","other ocean economy",7.54,7.66,41.43,85.36,0.991639088884651,0.986511692767583
"270","GMB","The Gambia","equity CADC",10.48,5.69,36.9,38.93,0.992436024333096,0.987726189484574
"271","GMB","The Gambia","other CADC",24.23,13.24,36.9,38.93,0.992436024333096,0.987726189484574
"272","GMB","The Gambia","other ocean economy",2.19,20,36.9,38.93,0.992436024333096,0.987726189484574
"273","BLZ","Belize","equity CADC",1.82,1.51,35.76,18.06,0.993208339011588,0.988289606148043
"274","BLZ","Belize","other CADC",20.02,15.96,35.76,18.06,0.993208339011588,0.988289606148043
"275","BLZ","Belize","other ocean economy",13.92,0.59,35.76,18.06,0.993208339011588,0.988289606148043
"276","HRV","Croatia","equity CADC",1.3,2.15,30.71,7.52,0.993871587998627,0.988524207106475
"277","HRV","Croatia","other CADC",29.39,5.35,30.71,7.52,0.993871587998627,0.988524207106475
"278","HRV","Croatia","other ocean economy",0.02,0.02,30.71,7.52,0.993871587998627,0.988524207106475
"279","GTM","Guatemala","equity CADC",2.81,11.3,29.29,38.2,0.994504169009059,0.989715930060213
"280","GTM","Guatemala","other CADC",21.64,23.48,29.29,38.2,0.994504169009059,0.989715930060213
"281","GTM","Guatemala","other ocean economy",4.84,3.42,29.29,38.2,0.994504169009059,0.989715930060213
"282","COM","Comoros","equity CADC",0.28,0.28,29.14,25.4,0.995133510444498,0.990508332233641
"283","COM","Comoros","other CADC",20.54,16.84,29.14,25.4,0.995133510444498,0.990508332233641
"284","COM","Comoros","other ocean economy",8.32,8.28,29.14,25.4,0.995133510444498,0.990508332233641
"285","WLF","Wallis and Futuna","equity CADC",0,5.09,28.32,29.07,0.995745142203304,0.991415227162049
"286","WLF","Wallis and Futuna","other CADC",0.82,10.3,28.32,29.07,0.995745142203304,0.991415227162049
"287","WLF","Wallis and Futuna","other ocean economy",27.5,13.68,28.32,29.07,0.995745142203304,0.991415227162049
"288","CHL","Chile","equity CADC",1.7,2.22,25.65,49.28,0.996299109527223,0.992952612166243
"289","CHL","Chile","other CADC",20.46,43.22,25.65,49.28,0.996299109527223,0.992952612166243
"290","CHL","Chile","other ocean economy",3.49,3.84,25.65,49.28,0.996299109527223,0.992952612166243
"291","NIU","Niue","equity CADC",1.58,2.66,24.3,19.77,0.996823920676199,0.993569375590207
"292","NIU","Niue","other CADC",13.25,7.67,24.3,19.77,0.996823920676199,0.993569375590207
"293","NIU","Niue","other ocean economy",9.47,9.44,24.3,19.77,0.996823920676199,0.993569375590207
"294","VCT","Saint Vincent and the Grenadines","equity CADC",1.39,1.3,22.9,18.85,0.9973184957919,0.994157437833086
"295","VCT","Saint Vincent and the Grenadines","other CADC",17.31,8.99,22.9,18.85,0.9973184957919,0.994157437833086
"296","VCT","Saint Vincent and the Grenadines","other ocean economy",4.2,8.56,22.9,18.85,0.9973184957919,0.994157437833086
"297","GRD","Grenada","equity CADC",0.54,0.59,17.65,26.35,0.997699685782823,0.994979477095678
"298","GRD","Grenada","other CADC",15.09,12.75,17.65,26.35,0.997699685782823,0.994979477095678
"299","GRD","Grenada","other ocean economy",2.02,13.01,17.65,26.35,0.997699685782823,0.994979477095678
"300","SWZ","Eswatini","equity CADC",0.98,1.13,15.94,1.92,0.998043944618818,0.995039375212724
"301","SWZ","Eswatini","other CADC",14.96,0.68,15.94,1.92,0.998043944618818,0.995039375212724
"302","SWZ","Eswatini","other ocean economy",0,0.11,15.94,1.92,0.998043944618818,0.995039375212724
"303","DMA","Dominica","equity CADC",2.45,0.27,15.74,17.52,0.998383884021487,0.995585945530774
"304","DMA","Dominica","other CADC",4.57,8.97,15.74,17.52,0.998383884021487,0.995585945530774
"305","DMA","Dominica","other ocean economy",8.72,8.28,15.74,17.52,0.998383884021487,0.995585945530774
"306","LCA","Saint Lucia","equity CADC",1.36,1.33,15.58,14.05,0.998720367877497,0.996024262481036
"307","LCA","Saint Lucia","other CADC",9.03,6.39,15.58,14.05,0.998720367877497,0.996024262481036
"308","LCA","Saint Lucia","other ocean economy",5.19,6.33,15.58,14.05,0.998720367877497,0.996024262481036
"309","ATG","Antigua and Barbuda","equity CADC",0.97,0.96,12.66,24.71,0.998993788006964,0.996795138768651
"310","ATG","Antigua and Barbuda","other CADC",8.9,7.64,12.66,24.71,0.998993788006964,0.996795138768651
"311","ATG","Antigua and Barbuda","other ocean economy",2.79,16.11,12.66,24.71,0.998993788006964,0.996795138768651
"312","SUR","Suriname","equity CADC",6.05,9.39,12.49,26.11,0.999263536618104,0.997609690766612
"313","SUR","Suriname","other CADC",2.46,2.06,12.49,26.11,0.999263536618104,0.997609690766612
"314","SUR","Suriname","other ocean economy",3.98,14.66,12.49,26.11,0.999263536618104,0.997609690766612
"315","KNA","Saint Kitts and Nevis","other CADC",0.69,0.04,10.6,1.06,0.999492466584324,0.997642759518731
"316","KNA","Saint Kitts and Nevis","other ocean economy",9.91,1.02,10.6,1.06,0.999492466584324,0.997642759518731
"317","IRN","Iran","equity CADC",5.62,11.07,8.25,13.58,0.999670643208976,0.998066413909092
"318","IRN","Iran","other CADC",2.2,2.08,8.25,13.58,0.999670643208976,0.998066413909092
"319","IRN","Iran","other ocean economy",0.43,0.43,8.25,13.58,0.999670643208976,0.998066413909092
"320","URY","Uruguay","equity CADC",1.33,1.37,3.99,4.8,0.999756815903808,0.998216159201708
"321","URY","Uruguay","other CADC",1.34,2.12,3.99,4.8,0.999756815903808,0.998216159201708
"322","URY","Uruguay","other ocean economy",1.32,1.31,3.99,4.8,0.999756815903808,0.998216159201708
"323","OMN","Oman","other CADC",0.15,0.15,3.89,11.08,0.999840828881977,0.998561821252164
"324","OMN","Oman","other ocean economy",3.74,10.93,3.89,11.08,0.999840828881977,0.998561821252164
"325","GNQ","Equatorial Guinea","equity CADC",0.05,0.05,3.1,4.57,0.999907780098513,0.998704391249509
"326","GNQ","Equatorial Guinea","other CADC",1.74,2.12,3.1,4.57,0.999907780098513,0.998704391249509
"327","GNQ","Equatorial Guinea","other ocean economy",1.31,2.4,3.1,4.57,0.999907780098513,0.998704391249509
"328","PRK","North Korea","other CADC",2.46,26.44,2.92,26.9,0.999970843825057,0.99954358882688
"329","PRK","North Korea","other ocean economy",0.46,0.46,2.92,26.9,0.999970843825057,0.99954358882688
"330","VEN","Venezuela","equity CADC",0.03,0.03,1.28,14.36,0.999998488198336,0.99999157682729
"331","VEN","Venezuela","other CADC",1.23,13.8,1.28,14.36,0.999998488198336,0.99999157682729
"332","VEN","Venezuela","other ocean economy",0.02,0.53,1.28,14.36,0.999998488198336,0.99999157682729
"333","BRB","Barbados","other CADC",0.06,0.06,0.06,0.06,0.999999784028334,0.999993448643448
"334","BRB","Barbados","other ocean economy",0,0,0.06,0.06,0.999999784028334,0.999993448643448
"335","TTO","Trinidad and Tobago","other CADC",0.01,0.05,0.01,0.05,1,0.999995008490246
"336","AIA","Anguilla","other CADC",0,0,0,0.16,1,1
"337","AIA","Anguilla","other ocean economy",0,0.16,0,0.16,1,1
